"filename", "language", "JSON", "Markdown", "ShaderLab", "HLSL", "CSS", "HTML", "XML", "C#", "comment", "blank", "total"
"d:\Studies\UnityProjects\2D\CardChess\CardChess\Assets\Photon\PhotonChat\Code\ChannelCreationOptions.cs", "C#", 0, 0, 0, 0, 0, 0, 0, -12, -8, -3, -23
"d:\Studies\UnityProjects\2D\CardChess\CardChess\Assets\Photon\PhotonChat\Code\ChannelWellKnownProperties.cs", "C#", 0, 0, 0, 0, 0, 0, 0, -8, -5, -2, -15
"d:\Studies\UnityProjects\2D\CardChess\CardChess\Assets\Photon\PhotonChat\Code\ChatAppSettings.cs", "C#", 0, 0, 0, 0, 0, 0, 0, -27, -24, -13, -64
"d:\Studies\UnityProjects\2D\CardChess\CardChess\Assets\Photon\PhotonChat\Code\ChatChannel.cs", "C#", 0, 0, 0, 0, 0, 0, 0, -185, -36, -34, -255
"d:\Studies\UnityProjects\2D\CardChess\CardChess\Assets\Photon\PhotonChat\Code\ChatClient.cs", "C#", 0, 0, 0, 0, 0, 0, 0, -1306, -374, -177, -1857
"d:\Studies\UnityProjects\2D\CardChess\CardChess\Assets\Photon\PhotonChat\Code\ChatDisconnectCause.cs", "C#", 0, 0, 0, 0, 0, 0, 0, -20, -21, -2, -43
"d:\Studies\UnityProjects\2D\CardChess\CardChess\Assets\Photon\PhotonChat\Code\ChatEventCode.cs", "C#", 0, 0, 0, 0, 0, 0, 0, -17, -20, -3, -40
"d:\Studies\UnityProjects\2D\CardChess\CardChess\Assets\Photon\PhotonChat\Code\ChatOperationCode.cs", "C#", 0, 0, 0, 0, 0, 0, 0, -16, -18, -4, -38
"d:\Studies\UnityProjects\2D\CardChess\CardChess\Assets\Photon\PhotonChat\Code\ChatParameterCode.cs", "C#", 0, 0, 0, 0, 0, 0, 0, -31, -47, -7, -85
"d:\Studies\UnityProjects\2D\CardChess\CardChess\Assets\Photon\PhotonChat\Code\ChatPeer.cs", "C#", 0, 0, 0, 0, 0, 0, 0, -224, -156, -75, -455
"d:\Studies\UnityProjects\2D\CardChess\CardChess\Assets\Photon\PhotonChat\Code\ChatState.cs", "C#", 0, 0, 0, 0, 0, 0, 0, -19, -19, -1, -39
"d:\Studies\UnityProjects\2D\CardChess\CardChess\Assets\Photon\PhotonChat\Code\ChatUserStatus.cs", "C#", 0, 0, 0, 0, 0, 0, 0, -13, -21, -2, -36
"d:\Studies\UnityProjects\2D\CardChess\CardChess\Assets\Photon\PhotonChat\Code\IChatClientListener.cs", "C#", 0, 0, 0, 0, 0, 0, 0, -27, -99, -22, -148
"d:\Studies\UnityProjects\2D\CardChess\CardChess\Assets\Photon\PhotonChat\Demos\Common\EventSystemSpawner.cs", "C#", 0, 0, 0, 0, 0, 0, 0, -23, -13, -4, -40
"d:\Studies\UnityProjects\2D\CardChess\CardChess\Assets\Photon\PhotonChat\Demos\Common\OnStartDelete.cs", "C#", 0, 0, 0, 0, 0, 0, 0, -11, -11, -2, -24
"d:\Studies\UnityProjects\2D\CardChess\CardChess\Assets\Photon\PhotonChat\Demos\Common\TextButtonTransition.cs", "C#", 0, 0, 0, 0, 0, 0, 0, -38, -20, -12, -70
"d:\Studies\UnityProjects\2D\CardChess\CardChess\Assets\Photon\PhotonChat\Demos\Common\TextToggleIsOnTransition.cs", "C#", 0, 0, 0, 0, 0, 0, 0, -41, -26, -19, -86
"d:\Studies\UnityProjects\2D\CardChess\CardChess\Assets\Photon\PhotonChat\Demos\DemoChat\AppSettingsExtensions.cs", "C#", 0, 0, 0, 0, 0, 0, 0, -22, -7, -4, -33
"d:\Studies\UnityProjects\2D\CardChess\CardChess\Assets\Photon\PhotonChat\Demos\DemoChat\ChannelSelector.cs", "C#", 0, 0, 0, 0, 0, 0, 0, -21, -5, -6, -32
"d:\Studies\UnityProjects\2D\CardChess\CardChess\Assets\Photon\PhotonChat\Demos\DemoChat\ChatAppIdCheckerUI.cs", "C#", 0, 0, 0, 0, 0, 0, 0, -41, -9, -10, -60
"d:\Studies\UnityProjects\2D\CardChess\CardChess\Assets\Photon\PhotonChat\Demos\DemoChat\ChatGui.cs", "C#", 0, 0, 0, 0, 0, 0, 0, -476, -69, -120, -665
"d:\Studies\UnityProjects\2D\CardChess\CardChess\Assets\Photon\PhotonChat\Demos\DemoChat\Editor\ChatEditor.cs", "C#", 0, 0, 0, 0, 0, 0, 0, -147, -88, -44, -279
"d:\Studies\UnityProjects\2D\CardChess\CardChess\Assets\Photon\PhotonChat\Demos\DemoChat\FriendItem.cs", "C#", 0, 0, 0, 0, 0, 0, 0, -63, -10, -11, -84
"d:\Studies\UnityProjects\2D\CardChess\CardChess\Assets\Photon\PhotonChat\Demos\DemoChat\IgnoreUiRaycastWhenInactive.cs", "C#", 0, 0, 0, 0, 0, 0, 0, -11, -5, -4, -20
"d:\Studies\UnityProjects\2D\CardChess\CardChess\Assets\Photon\PhotonChat\Demos\DemoChat\NamePickGui.cs", "C#", 0, 0, 0, 0, 0, 0, 0, -36, -6, -13, -55
"d:\Studies\UnityProjects\2D\CardChess\CardChess\Assets\Photon\PhotonLibs\Photon3Unity3D.xml", "XML", 0, 0, 0, 0, 0, 0, -2707, 0, -1, -60, -2768
"d:\Studies\UnityProjects\2D\CardChess\CardChess\Assets\Photon\PhotonLibs\WebSocket\SocketWebTcp.cs", "C#", 0, 0, 0, 0, 0, 0, 0, -304, -53, -76, -433
"d:\Studies\UnityProjects\2D\CardChess\CardChess\Assets\Photon\PhotonLibs\WebSocket\WebSocket.cs", "C#", 0, 0, 0, 0, 0, 0, 0, -191, -13, -48, -252
"d:\Studies\UnityProjects\2D\CardChess\CardChess\Assets\Photon\PhotonLibs\netstandard2.0\Photon3Unity3D.deps.json", "JSON", -47, 0, 0, 0, 0, 0, 0, 0, 0, 0, -47
"d:\Studies\UnityProjects\2D\CardChess\CardChess\Assets\Photon\PhotonLibs\netstandard2.0\Photon3Unity3D.xml", "XML", 0, 0, 0, 0, 0, 0, -2707, 0, -1, -60, -2768
"d:\Studies\UnityProjects\2D\CardChess\CardChess\Assets\Photon\PhotonRealtime\Code\AppSettings.cs", "C#", 0, 0, 0, 0, 0, 0, 0, -112, -54, -33, -199
"d:\Studies\UnityProjects\2D\CardChess\CardChess\Assets\Photon\PhotonRealtime\Code\ConnectionHandler.cs", "C#", 0, 0, 0, 0, 0, 0, 0, -126, -33, -40, -199
"d:\Studies\UnityProjects\2D\CardChess\CardChess\Assets\Photon\PhotonRealtime\Code\CustomTypesUnity.cs", "C#", 0, 0, 0, 0, 0, 0, 0, -122, -14, -31, -167
"d:\Studies\UnityProjects\2D\CardChess\CardChess\Assets\Photon\PhotonRealtime\Code\Extensions.cs", "C#", 0, 0, 0, 0, 0, 0, 0, -155, -80, -35, -270
"d:\Studies\UnityProjects\2D\CardChess\CardChess\Assets\Photon\PhotonRealtime\Code\FriendInfo.cs", "C#", 0, 0, 0, 0, 0, 0, 0, -27, -12, -10, -49
"d:\Studies\UnityProjects\2D\CardChess\CardChess\Assets\Photon\PhotonRealtime\Code\LoadBalancingClient.cs", "C#", 0, 0, 0, 0, 0, 0, 0, -2418, -1461, -590, -4469
"d:\Studies\UnityProjects\2D\CardChess\CardChess\Assets\Photon\PhotonRealtime\Code\LoadbalancingPeer.cs", "C#", 0, 0, 0, 0, 0, 0, 0, -1088, -760, -395, -2243
"d:\Studies\UnityProjects\2D\CardChess\CardChess\Assets\Photon\PhotonRealtime\Code\PhotonPing.cs", "C#", 0, 0, 0, 0, 0, 0, 0, -372, -32, -77, -481
"d:\Studies\UnityProjects\2D\CardChess\CardChess\Assets\Photon\PhotonRealtime\Code\PhotonPingClasses.cs", "C#", 0, 0, 0, 0, 0, 0, 0, 0, -1, 0, -1
"d:\Studies\UnityProjects\2D\CardChess\CardChess\Assets\Photon\PhotonRealtime\Code\Player.cs", "C#", 0, 0, 0, 0, 0, 0, 0, -230, -164, -58, -452
"d:\Studies\UnityProjects\2D\CardChess\CardChess\Assets\Photon\PhotonRealtime\Code\Region.cs", "C#", 0, 0, 0, 0, 0, 0, 0, -63, -15, -17, -95
"d:\Studies\UnityProjects\2D\CardChess\CardChess\Assets\Photon\PhotonRealtime\Code\RegionHandler.cs", "C#", 0, 0, 0, 0, 0, 0, 0, -504, -88, -123, -715
"d:\Studies\UnityProjects\2D\CardChess\CardChess\Assets\Photon\PhotonRealtime\Code\Room.cs", "C#", 0, 0, 0, 0, 0, 0, 0, -326, -235, -69, -630
"d:\Studies\UnityProjects\2D\CardChess\CardChess\Assets\Photon\PhotonRealtime\Code\RoomInfo.cs", "C#", 0, 0, 0, 0, 0, 0, 0, -142, -89, -44, -275
"d:\Studies\UnityProjects\2D\CardChess\CardChess\Assets\Photon\PhotonRealtime\Code\SupportLogger.cs", "C#", 0, 0, 0, 0, 0, 0, 0, -332, -31, -71, -434
"d:\Studies\UnityProjects\2D\CardChess\CardChess\Assets\Photon\PhotonRealtime\Code\Unity\Editor\AccountService.cs", "C#", 0, 0, 0, 0, 0, 0, 0, -181, -46, -33, -260
"d:\Studies\UnityProjects\2D\CardChess\CardChess\Assets\Photon\PhotonRealtime\Code\Unity\Editor\PhotonEditorUtils.cs", "C#", 0, 0, 0, 0, 0, 0, 0, -232, -49, -52, -333
"d:\Studies\UnityProjects\2D\CardChess\CardChess\Assets\Photon\PhotonRealtime\Code\Unity\PhotonAppSettings.cs", "C#", 0, 0, 0, 0, 0, 0, 0, -73, -20, -23, -116
"d:\Studies\UnityProjects\2D\CardChess\CardChess\Assets\Photon\PhotonRealtime\Code\WebRpc.cs", "C#", 0, 0, 0, 0, 0, 0, 0, -123, -44, -21, -188
"d:\Studies\UnityProjects\2D\CardChess\CardChess\Assets\Photon\PhotonRealtime\Demos\DemoLoadBalancing\ConnectAndJoinRandomLb.cs", "C#", 0, 0, 0, 0, 0, 0, 0, -109, -7, -29, -145
"d:\Studies\UnityProjects\2D\CardChess\CardChess\Assets\Photon\PhotonUnityNetworking\Code\CustomTypes.cs", "C#", 0, 0, 0, 0, 0, 0, 0, -48, -13, -13, -74
"d:\Studies\UnityProjects\2D\CardChess\CardChess\Assets\Photon\PhotonUnityNetworking\Code\Editor\PhotonEditor.cs", "C#", 0, 0, 0, 0, 0, 0, 0, -634, -55, -167, -856
"d:\Studies\UnityProjects\2D\CardChess\CardChess\Assets\Photon\PhotonUnityNetworking\Code\Editor\PhotonGUI.cs", "C#", 0, 0, 0, 0, 0, 0, 0, -273, -11, -79, -363
"d:\Studies\UnityProjects\2D\CardChess\CardChess\Assets\Photon\PhotonUnityNetworking\Code\Editor\PhotonViewHandler.cs", "C#", 0, 0, 0, 0, 0, 0, 0, -125, -29, -37, -191
"d:\Studies\UnityProjects\2D\CardChess\CardChess\Assets\Photon\PhotonUnityNetworking\Code\Editor\PhotonViewInspector.cs", "C#", 0, 0, 0, 0, 0, 0, 0, -277, -42, -75, -394
"d:\Studies\UnityProjects\2D\CardChess\CardChess\Assets\Photon\PhotonUnityNetworking\Code\Editor\PunSceneSettings.cs", "C#", 0, 0, 0, 0, 0, 0, 0, -131, -16, -31, -178
"d:\Studies\UnityProjects\2D\CardChess\CardChess\Assets\Photon\PhotonUnityNetworking\Code\Editor\PunSceneSettingsInspector.cs", "C#", 0, 0, 0, 0, 0, 0, 0, -186, -18, -56, -260
"d:\Studies\UnityProjects\2D\CardChess\CardChess\Assets\Photon\PhotonUnityNetworking\Code\Editor\ReordableList\ReorderableListResources.cs", "C#", 0, 0, 0, 0, 0, 0, 0, -134, -71, -32, -237
"d:\Studies\UnityProjects\2D\CardChess\CardChess\Assets\Photon\PhotonUnityNetworking\Code\Editor\ServerSettingsInspector.cs", "C#", 0, 0, 0, 0, 0, 0, 0, -233, -15, -74, -322
"d:\Studies\UnityProjects\2D\CardChess\CardChess\Assets\Photon\PhotonUnityNetworking\Code\Editor\Views\MonoBehaviourPunEditor.cs", "C#", 0, 0, 0, 0, 0, 0, 0, -23, -9, -9, -41
"d:\Studies\UnityProjects\2D\CardChess\CardChess\Assets\Photon\PhotonUnityNetworking\Code\Editor\Views\PhotonAnimatorViewEditor.cs", "C#", 0, 0, 0, 0, 0, 0, 0, -225, -14, -56, -295
"d:\Studies\UnityProjects\2D\CardChess\CardChess\Assets\Photon\PhotonUnityNetworking\Code\Editor\Views\PhotonRigidbody2DViewEditor.cs", "C#", 0, 0, 0, 0, 0, 0, 0, -31, -9, -10, -50
"d:\Studies\UnityProjects\2D\CardChess\CardChess\Assets\Photon\PhotonUnityNetworking\Code\Editor\Views\PhotonRigidbodyViewEditor.cs", "C#", 0, 0, 0, 0, 0, 0, 0, -31, -9, -10, -50
"d:\Studies\UnityProjects\2D\CardChess\CardChess\Assets\Photon\PhotonUnityNetworking\Code\Editor\Views\PhotonTransformViewClassicEditor.cs", "C#", 0, 0, 0, 0, 0, 0, 0, -297, -34, -81, -412
"d:\Studies\UnityProjects\2D\CardChess\CardChess\Assets\Photon\PhotonUnityNetworking\Code\Editor\Views\PhotonTransformViewEditor.cs", "C#", 0, 0, 0, 0, 0, 0, 0, -48, -9, -15, -72
"d:\Studies\UnityProjects\2D\CardChess\CardChess\Assets\Photon\PhotonUnityNetworking\Code\Enums.cs", "C#", 0, 0, 0, 0, 0, 0, 0, -27, -49, -18, -94
"d:\Studies\UnityProjects\2D\CardChess\CardChess\Assets\Photon\PhotonUnityNetworking\Code\Interfaces\IPhotonViewCallbacks.cs", "C#", 0, 0, 0, 0, 0, 0, 0, -19, -26, -6, -51
"d:\Studies\UnityProjects\2D\CardChess\CardChess\Assets\Photon\PhotonUnityNetworking\Code\Interfaces\IPunCallbacks.cs", "C#", 0, 0, 0, 0, 0, 0, 0, -24, -107, -10, -141
"d:\Studies\UnityProjects\2D\CardChess\CardChess\Assets\Photon\PhotonUnityNetworking\Code\PhotonHandler.cs", "C#", 0, 0, 0, 0, 0, 0, 0, -284, -50, -71, -405
"d:\Studies\UnityProjects\2D\CardChess\CardChess\Assets\Photon\PhotonUnityNetworking\Code\PhotonNetwork.cs", "C#", 0, 0, 0, 0, 0, 0, 0, -1693, -1230, -390, -3313
"d:\Studies\UnityProjects\2D\CardChess\CardChess\Assets\Photon\PhotonUnityNetworking\Code\PhotonNetworkPart.cs", "C#", 0, 0, 0, 0, 0, 0, 0, -1749, -420, -391, -2560
"d:\Studies\UnityProjects\2D\CardChess\CardChess\Assets\Photon\PhotonUnityNetworking\Code\PhotonStreamQueue.cs", "C#", 0, 0, 0, 0, 0, 0, 0, -113, -52, -32, -197
"d:\Studies\UnityProjects\2D\CardChess\CardChess\Assets\Photon\PhotonUnityNetworking\Code\PhotonView.cs", "C#", 0, 0, 0, 0, 0, 0, 0, -472, -224, -130, -826
"d:\Studies\UnityProjects\2D\CardChess\CardChess\Assets\Photon\PhotonUnityNetworking\Code\PunClasses.cs", "C#", 0, 0, 0, 0, 0, 0, 0, -521, -348, -105, -974
"d:\Studies\UnityProjects\2D\CardChess\CardChess\Assets\Photon\PhotonUnityNetworking\Code\ServerSettings.cs", "C#", 0, 0, 0, 0, 0, 0, 0, -62, -23, -15, -100
"d:\Studies\UnityProjects\2D\CardChess\CardChess\Assets\Photon\PhotonUnityNetworking\Code\Utilities\NestedComponentUtilities.cs", "C#", 0, 0, 0, 0, 0, 0, 0, -292, -100, -102, -494
"d:\Studies\UnityProjects\2D\CardChess\CardChess\Assets\Photon\PhotonUnityNetworking\Code\Views\PhotonAnimatorView.cs", "C#", 0, 0, 0, 0, 0, 0, 0, -408, -68, -96, -572
"d:\Studies\UnityProjects\2D\CardChess\CardChess\Assets\Photon\PhotonUnityNetworking\Code\Views\PhotonRigidbody2DView.cs", "C#", 0, 0, 0, 0, 0, 0, 0, -79, -9, -23, -111
"d:\Studies\UnityProjects\2D\CardChess\CardChess\Assets\Photon\PhotonUnityNetworking\Code\Views\PhotonRigidbodyView.cs", "C#", 0, 0, 0, 0, 0, 0, 0, -80, -9, -23, -112
"d:\Studies\UnityProjects\2D\CardChess\CardChess\Assets\Photon\PhotonUnityNetworking\Code\Views\PhotonTransformView.cs", "C#", 0, 0, 0, 0, 0, 0, 0, -155, -12, -27, -194
"d:\Studies\UnityProjects\2D\CardChess\CardChess\Assets\Photon\PhotonUnityNetworking\Code\Views\PhotonTransformViewClassic.cs", "C#", 0, 0, 0, 0, 0, 0, 0, -389, -70, -98, -557
"d:\Studies\UnityProjects\2D\CardChess\CardChess\Assets\Photon\PhotonUnityNetworking\Demos\DemoAsteroids\Scripts\AsteroidsGame.cs", "C#", 0, 0, 0, 0, 0, 0, 0, -29, 0, -6, -35
"d:\Studies\UnityProjects\2D\CardChess\CardChess\Assets\Photon\PhotonUnityNetworking\Demos\DemoAsteroids\Scripts\Game\Asteroid.cs", "C#", 0, 0, 0, 0, 0, 0, 0, -88, -10, -25, -123
"d:\Studies\UnityProjects\2D\CardChess\CardChess\Assets\Photon\PhotonUnityNetworking\Demos\DemoAsteroids\Scripts\Game\AsteroidsGameManager.cs", "C#", 0, 0, 0, 0, 0, 0, 0, -192, -17, -58, -267
"d:\Studies\UnityProjects\2D\CardChess\CardChess\Assets\Photon\PhotonUnityNetworking\Demos\DemoAsteroids\Scripts\Game\Bullet.cs", "C#", 0, 0, 0, 0, 0, 0, 0, -25, 0, -6, -31
"d:\Studies\UnityProjects\2D\CardChess\CardChess\Assets\Photon\PhotonUnityNetworking\Demos\DemoAsteroids\Scripts\Game\PlayerOverviewPanel.cs", "C#", 0, 0, 0, 0, 0, 0, 0, -48, -9, -14, -71
"d:\Studies\UnityProjects\2D\CardChess\CardChess\Assets\Photon\PhotonUnityNetworking\Demos\DemoAsteroids\Scripts\Game\Spaceship.cs", "C#", 0, 0, 0, 0, 0, 0, 0, -150, -20, -50, -220
"d:\Studies\UnityProjects\2D\CardChess\CardChess\Assets\Photon\PhotonUnityNetworking\Demos\DemoAsteroids\Scripts\Lobby\LobbyMainPanel.cs", "C#", 0, 0, 0, 0, 0, 0, 0, -288, -6, -78, -372
"d:\Studies\UnityProjects\2D\CardChess\CardChess\Assets\Photon\PhotonUnityNetworking\Demos\DemoAsteroids\Scripts\Lobby\LobbyTopPanel.cs", "C#", 0, 0, 0, 0, 0, 0, 0, -17, 0, -5, -22
"d:\Studies\UnityProjects\2D\CardChess\CardChess\Assets\Photon\PhotonUnityNetworking\Demos\DemoAsteroids\Scripts\Lobby\PlayerListEntry.cs", "C#", 0, 0, 0, 0, 0, 0, 0, -72, -9, -16, -97
"d:\Studies\UnityProjects\2D\CardChess\CardChess\Assets\Photon\PhotonUnityNetworking\Demos\DemoAsteroids\Scripts\Lobby\RoomListEntry.cs", "C#", 0, 0, 0, 0, 0, 0, 0, -29, 0, -6, -35
"d:\Studies\UnityProjects\2D\CardChess\CardChess\Assets\Photon\PhotonUnityNetworking\Demos\DemoHub\Editor\PunStartup.cs", "C#", 0, 0, 0, 0, 0, 0, 0, -112, -27, -27, -166
"d:\Studies\UnityProjects\2D\CardChess\CardChess\Assets\Photon\PhotonUnityNetworking\Demos\DemoHub\Scripts\DemoHubManager.cs", "C#", 0, 0, 0, 0, 0, 0, 0, -258, -11, -42, -311
"d:\Studies\UnityProjects\2D\CardChess\CardChess\Assets\Photon\PhotonUnityNetworking\Demos\DemoHub\Scripts\ToDemoHubButton.cs", "C#", 0, 0, 0, 0, 0, 0, 0, -58, -13, -22, -93
"d:\Studies\UnityProjects\2D\CardChess\CardChess\Assets\Photon\PhotonUnityNetworking\Demos\DemoProcedural\Scripts\Block.cs", "C#", 0, 0, 0, 0, 0, 0, 0, -9, -4, -1, -14
"d:\Studies\UnityProjects\2D\CardChess\CardChess\Assets\Photon\PhotonUnityNetworking\Demos\DemoProcedural\Scripts\Cluster.cs", "C#", 0, 0, 0, 0, 0, 0, 0, -100, -42, -36, -178
"d:\Studies\UnityProjects\2D\CardChess\CardChess\Assets\Photon\PhotonUnityNetworking\Demos\DemoProcedural\Scripts\IngameControlPanel.cs", "C#", 0, 0, 0, 0, 0, 0, 0, -219, -29, -21, -269
"d:\Studies\UnityProjects\2D\CardChess\CardChess\Assets\Photon\PhotonUnityNetworking\Demos\DemoProcedural\Scripts\Noise.cs", "C#", 0, 0, 0, 0, 0, 0, 0, -273, -66, -54, -393
"d:\Studies\UnityProjects\2D\CardChess\CardChess\Assets\Photon\PhotonUnityNetworking\Demos\DemoProcedural\Scripts\ProceduralController.cs", "C#", 0, 0, 0, 0, 0, 0, 0, -63, -9, -11, -83
"d:\Studies\UnityProjects\2D\CardChess\CardChess\Assets\Photon\PhotonUnityNetworking\Demos\DemoProcedural\Scripts\WorldGenerator.cs", "C#", 0, 0, 0, 0, 0, 0, 0, -184, -48, -57, -289
"d:\Studies\UnityProjects\2D\CardChess\CardChess\Assets\Photon\PhotonUnityNetworking\Demos\DemoSlotRacer\Scripts\BezierCurve\Bezier.cs", "C#", 0, 0, 0, 0, 0, 0, 0, -41, -10, -5, -56
"d:\Studies\UnityProjects\2D\CardChess\CardChess\Assets\Photon\PhotonUnityNetworking\Demos\DemoSlotRacer\Scripts\BezierCurve\BezierControlPointMode.cs", "C#", 0, 0, 0, 0, 0, 0, 0, -8, -10, -1, -19
"d:\Studies\UnityProjects\2D\CardChess\CardChess\Assets\Photon\PhotonUnityNetworking\Demos\DemoSlotRacer\Scripts\BezierCurve\BezierCurve.cs", "C#", 0, 0, 0, 0, 0, 0, 0, -29, -10, -6, -45
"d:\Studies\UnityProjects\2D\CardChess\CardChess\Assets\Photon\PhotonUnityNetworking\Demos\DemoSlotRacer\Scripts\BezierCurve\BezierSpline.cs", "C#", 0, 0, 0, 0, 0, 0, 0, -263, -22, -47, -332
"d:\Studies\UnityProjects\2D\CardChess\CardChess\Assets\Photon\PhotonUnityNetworking\Demos\DemoSlotRacer\Scripts\BezierCurve\Editor\BezierCurveInspector.cs", "C#", 0, 0, 0, 0, 0, 0, 0, -54, -10, -9, -73
"d:\Studies\UnityProjects\2D\CardChess\CardChess\Assets\Photon\PhotonUnityNetworking\Demos\DemoSlotRacer\Scripts\BezierCurve\Editor\BezierSplineInspector.cs", "C#", 0, 0, 0, 0, 0, 0, 0, -127, -10, -17, -154
"d:\Studies\UnityProjects\2D\CardChess\CardChess\Assets\Photon\PhotonUnityNetworking\Demos\DemoSlotRacer\Scripts\BezierCurve\Editor\LineInspector.cs", "C#", 0, 0, 0, 0, 0, 0, 0, -33, -10, -4, -47
"d:\Studies\UnityProjects\2D\CardChess\CardChess\Assets\Photon\PhotonUnityNetworking\Demos\DemoSlotRacer\Scripts\BezierCurve\Line.cs", "C#", 0, 0, 0, 0, 0, 0, 0, -7, -10, -2, -19
"d:\Studies\UnityProjects\2D\CardChess\CardChess\Assets\Photon\PhotonUnityNetworking\Demos\DemoSlotRacer\Scripts\BezierCurve\SplinePosition.cs", "C#", 0, 0, 0, 0, 0, 0, 0, -34, -11, -12, -57
"d:\Studies\UnityProjects\2D\CardChess\CardChess\Assets\Photon\PhotonUnityNetworking\Demos\DemoSlotRacer\Scripts\BezierCurve\SplineWalker.cs", "C#", 0, 0, 0, 0, 0, 0, 0, -36, -13, -15, -64
"d:\Studies\UnityProjects\2D\CardChess\CardChess\Assets\Photon\PhotonUnityNetworking\Demos\DemoSlotRacer\Scripts\PlayerControl.cs", "C#", 0, 0, 0, 0, 0, 0, 0, -116, -72, -44, -232
"d:\Studies\UnityProjects\2D\CardChess\CardChess\Assets\Photon\PhotonUnityNetworking\Demos\DemoSlotRacer\Scripts\SlotLanes.cs", "C#", 0, 0, 0, 0, 0, 0, 0, -13, -19, -6, -38
"d:\Studies\UnityProjects\2D\CardChess\CardChess\Assets\Photon\PhotonUnityNetworking\Demos\DemoSlotRacer\Scripts\SlotRacerSplashScreen.cs", "C#", 0, 0, 0, 0, 0, 0, 0, -70, -13, -13, -96
"d:\Studies\UnityProjects\2D\CardChess\CardChess\Assets\Photon\PhotonUnityNetworking\Demos\PunBasics-Tutorial\Scripts\CameraWork.cs", "C#", 0, 0, 0, 0, 0, 0, 0, -70, -30, -30, -130
"d:\Studies\UnityProjects\2D\CardChess\CardChess\Assets\Photon\PhotonUnityNetworking\Demos\PunBasics-Tutorial\Scripts\GameManager.cs", "C#", 0, 0, 0, 0, 0, 0, 0, -93, -35, -46, -174
"d:\Studies\UnityProjects\2D\CardChess\CardChess\Assets\Photon\PhotonUnityNetworking\Demos\PunBasics-Tutorial\Scripts\Launcher.cs", "C#", 0, 0, 0, 0, 0, 0, 0, -101, -77, -48, -226
"d:\Studies\UnityProjects\2D\CardChess\CardChess\Assets\Photon\PhotonUnityNetworking\Demos\PunBasics-Tutorial\Scripts\LoaderAnime.cs", "C#", 0, 0, 0, 0, 0, 0, 0, -45, -33, -23, -101
"d:\Studies\UnityProjects\2D\CardChess\CardChess\Assets\Photon\PhotonUnityNetworking\Demos\PunBasics-Tutorial\Scripts\PlayerAnimatorManager.cs", "C#", 0, 0, 0, 0, 0, 0, 0, -42, -23, -16, -81
"d:\Studies\UnityProjects\2D\CardChess\CardChess\Assets\Photon\PhotonUnityNetworking\Demos\PunBasics-Tutorial\Scripts\PlayerManager.cs", "C#", 0, 0, 0, 0, 0, 0, 0, -178, -67, -50, -295
"d:\Studies\UnityProjects\2D\CardChess\CardChess\Assets\Photon\PhotonUnityNetworking\Demos\PunBasics-Tutorial\Scripts\PlayerNameInputField.cs", "C#", 0, 0, 0, 0, 0, 0, 0, -39, -21, -15, -75
"d:\Studies\UnityProjects\2D\CardChess\CardChess\Assets\Photon\PhotonUnityNetworking\Demos\PunBasics-Tutorial\Scripts\PlayerUI.cs", "C#", 0, 0, 0, 0, 0, 0, 0, -73, -35, -39, -147
"d:\Studies\UnityProjects\2D\CardChess\CardChess\Assets\Photon\PhotonUnityNetworking\Demos\PunCockpit\Forms\ConnectToRegionUIForm.cs", "C#", 0, 0, 0, 0, 0, 0, 0, -36, -10, -11, -57
"d:\Studies\UnityProjects\2D\CardChess\CardChess\Assets\Photon\PhotonUnityNetworking\Demos\PunCockpit\Forms\CreateRoomUiForm.cs", "C#", 0, 0, 0, 0, 0, 0, 0, -48, -10, -13, -71
"d:\Studies\UnityProjects\2D\CardChess\CardChess\Assets\Photon\PhotonUnityNetworking\Demos\PunCockpit\Forms\LoadLevelUIForm.cs", "C#", 0, 0, 0, 0, 0, 0, 0, -28, -10, -9, -47
"d:\Studies\UnityProjects\2D\CardChess\CardChess\Assets\Photon\PhotonUnityNetworking\Demos\PunCockpit\Forms\SetRoomCustomPropertyUIForm.cs", "C#", 0, 0, 0, 0, 0, 0, 0, -28, -10, -9, -47
"d:\Studies\UnityProjects\2D\CardChess\CardChess\Assets\Photon\PhotonUnityNetworking\Demos\PunCockpit\Forms\UserIdUiForm.cs", "C#", 0, 0, 0, 0, 0, 0, 0, -34, -10, -10, -54
"d:\Studies\UnityProjects\2D\CardChess\CardChess\Assets\Photon\PhotonUnityNetworking\Demos\PunCockpit\PunCockpit.cs", "C#", 0, 0, 0, 0, 0, 0, 0, -560, -38, -209, -807
"d:\Studies\UnityProjects\2D\CardChess\CardChess\Assets\Photon\PhotonUnityNetworking\Demos\PunCockpit\Scripts\Autonomous UI\AutoSyncSceneToggle.cs", "C#", 0, 0, 0, 0, 0, 0, 0, -39, -11, -11, -61
"d:\Studies\UnityProjects\2D\CardChess\CardChess\Assets\Photon\PhotonUnityNetworking\Demos\PunCockpit\Scripts\Autonomous UI\BackgroundTimeOutField.cs", "C#", 0, 0, 0, 0, 0, 0, 0, -48, -11, -9, -68
"d:\Studies\UnityProjects\2D\CardChess\CardChess\Assets\Photon\PhotonUnityNetworking\Demos\PunCockpit\Scripts\Autonomous UI\CrcCheckToggle.cs", "C#", 0, 0, 0, 0, 0, 0, 0, -39, -11, -11, -61
"d:\Studies\UnityProjects\2D\CardChess\CardChess\Assets\Photon\PhotonUnityNetworking\Demos\PunCockpit\Scripts\Autonomous UI\CurrentRoom\CurrentRoomIsOpenToggle.cs", "C#", 0, 0, 0, 0, 0, 0, 0, -43, -10, -13, -66
"d:\Studies\UnityProjects\2D\CardChess\CardChess\Assets\Photon\PhotonUnityNetworking\Demos\PunCockpit\Scripts\Autonomous UI\CurrentRoom\CurrentRoomIsVisibleToggle.cs", "C#", 0, 0, 0, 0, 0, 0, 0, -43, -10, -12, -65
"d:\Studies\UnityProjects\2D\CardChess\CardChess\Assets\Photon\PhotonUnityNetworking\Demos\PunCockpit\Scripts\Autonomous UI\DocLinkButton.cs", "C#", 0, 0, 0, 0, 0, 0, 0, -16, -11, -6, -33
"d:\Studies\UnityProjects\2D\CardChess\CardChess\Assets\Photon\PhotonUnityNetworking\Demos\PunCockpit\Scripts\Autonomous UI\GameVersionField.cs", "C#", 0, 0, 0, 0, 0, 0, 0, -48, -11, -9, -68
"d:\Studies\UnityProjects\2D\CardChess\CardChess\Assets\Photon\PhotonUnityNetworking\Demos\PunCockpit\Scripts\Autonomous UI\Generic\BoolInputField.cs", "C#", 0, 0, 0, 0, 0, 0, 0, -35, -9, -10, -54
"d:\Studies\UnityProjects\2D\CardChess\CardChess\Assets\Photon\PhotonUnityNetworking\Demos\PunCockpit\Scripts\Autonomous UI\Generic\IntInputField.cs", "C#", 0, 0, 0, 0, 0, 0, 0, -48, -9, -10, -67
"d:\Studies\UnityProjects\2D\CardChess\CardChess\Assets\Photon\PhotonUnityNetworking\Demos\PunCockpit\Scripts\Autonomous UI\Generic\StringInputField.cs", "C#", 0, 0, 0, 0, 0, 0, 0, -46, -9, -10, -65
"d:\Studies\UnityProjects\2D\CardChess\CardChess\Assets\Photon\PhotonUnityNetworking\Demos\PunCockpit\Scripts\Autonomous UI\Generic\ToggleExpand.cs", "C#", 0, 0, 0, 0, 0, 0, 0, -25, -9, -11, -45
"d:\Studies\UnityProjects\2D\CardChess\CardChess\Assets\Photon\PhotonUnityNetworking\Demos\PunCockpit\Scripts\Autonomous UI\LayoutElementMatchSize.cs", "C#", 0, 0, 0, 0, 0, 0, 0, -22, -9, -9, -40
"d:\Studies\UnityProjects\2D\CardChess\CardChess\Assets\Photon\PhotonUnityNetworking\Demos\PunCockpit\Scripts\Autonomous UI\NickNameField.cs", "C#", 0, 0, 0, 0, 0, 0, 0, -48, -11, -9, -68
"d:\Studies\UnityProjects\2D\CardChess\CardChess\Assets\Photon\PhotonUnityNetworking\Demos\PunCockpit\Scripts\Autonomous UI\OnlineDocButton.cs", "C#", 0, 0, 0, 0, 0, 0, 0, -13, -10, -4, -27
"d:\Studies\UnityProjects\2D\CardChess\CardChess\Assets\Photon\PhotonUnityNetworking\Demos\PunCockpit\Scripts\Autonomous UI\SendRateField.cs", "C#", 0, 0, 0, 0, 0, 0, 0, -48, -11, -11, -70
"d:\Studies\UnityProjects\2D\CardChess\CardChess\Assets\Photon\PhotonUnityNetworking\Demos\PunCockpit\Scripts\Autonomous UI\SendRateOnSerializeField.cs", "C#", 0, 0, 0, 0, 0, 0, 0, -48, -11, -10, -69
"d:\Studies\UnityProjects\2D\CardChess\CardChess\Assets\Photon\PhotonUnityNetworking\Demos\PunCockpit\Scripts\Controllers\PlayerDetailsController.cs", "C#", 0, 0, 0, 0, 0, 0, 0, -162, -14, -63, -239
"d:\Studies\UnityProjects\2D\CardChess\CardChess\Assets\Photon\PhotonUnityNetworking\Demos\PunCockpit\Scripts\InfosPanelPlaceholder.cs", "C#", 0, 0, 0, 0, 0, 0, 0, -12, -9, -4, -25
"d:\Studies\UnityProjects\2D\CardChess\CardChess\Assets\Photon\PhotonUnityNetworking\Demos\PunCockpit\Scripts\Lists\FriendListCell.cs", "C#", 0, 0, 0, 0, 0, 0, 0, -37, -10, -16, -63
"d:\Studies\UnityProjects\2D\CardChess\CardChess\Assets\Photon\PhotonUnityNetworking\Demos\PunCockpit\Scripts\Lists\FriendListView.cs", "C#", 0, 0, 0, 0, 0, 0, 0, -109, -14, -39, -162
"d:\Studies\UnityProjects\2D\CardChess\CardChess\Assets\Photon\PhotonUnityNetworking\Demos\PunCockpit\Scripts\Lists\PlayerListCell.cs", "C#", 0, 0, 0, 0, 0, 0, 0, -83, -14, -37, -134
"d:\Studies\UnityProjects\2D\CardChess\CardChess\Assets\Photon\PhotonUnityNetworking\Demos\PunCockpit\Scripts\Lists\PlayerListView.cs", "C#", 0, 0, 0, 0, 0, 0, 0, -117, -27, -40, -184
"d:\Studies\UnityProjects\2D\CardChess\CardChess\Assets\Photon\PhotonUnityNetworking\Demos\PunCockpit\Scripts\Lists\PropertyCell.cs", "C#", 0, 0, 0, 0, 0, 0, 0, -71, -9, -21, -101
"d:\Studies\UnityProjects\2D\CardChess\CardChess\Assets\Photon\PhotonUnityNetworking\Demos\PunCockpit\Scripts\Lists\RegionListCell.cs", "C#", 0, 0, 0, 0, 0, 0, 0, -53, -9, -19, -81
"d:\Studies\UnityProjects\2D\CardChess\CardChess\Assets\Photon\PhotonUnityNetworking\Demos\PunCockpit\Scripts\Lists\RegionListView.cs", "C#", 0, 0, 0, 0, 0, 0, 0, -39, -10, -15, -64
"d:\Studies\UnityProjects\2D\CardChess\CardChess\Assets\Photon\PhotonUnityNetworking\Demos\PunCockpit\Scripts\Lists\RoomListCell.cs", "C#", 0, 0, 0, 0, 0, 0, 0, -75, -9, -18, -102
"d:\Studies\UnityProjects\2D\CardChess\CardChess\Assets\Photon\PhotonUnityNetworking\Demos\PunCockpit\Scripts\Lists\RoomListView.cs", "C#", 0, 0, 0, 0, 0, 0, 0, -98, -12, -37, -147
"d:\Studies\UnityProjects\2D\CardChess\CardChess\Assets\Photon\PhotonUnityNetworking\Demos\PunCockpit\Scripts\PropertyFields\UserIdField.cs", "C#", 0, 0, 0, 0, 0, 0, 0, -49, -11, -11, -71
"d:\Studies\UnityProjects\2D\CardChess\CardChess\Assets\Photon\PhotonUnityNetworking\Demos\PunCockpit\Scripts\ReadOnlyProperties\AppVersionProperty.cs", "C#", 0, 0, 0, 0, 0, 0, 0, -18, -9, -5, -32
"d:\Studies\UnityProjects\2D\CardChess\CardChess\Assets\Photon\PhotonUnityNetworking\Demos\PunCockpit\Scripts\ReadOnlyProperties\BestRegionInPrefsProperty.cs", "C#", 0, 0, 0, 0, 0, 0, 0, -25, -9, -6, -40
"d:\Studies\UnityProjects\2D\CardChess\CardChess\Assets\Photon\PhotonUnityNetworking\Demos\PunCockpit\Scripts\ReadOnlyProperties\CloudRegionProperty.cs", "C#", 0, 0, 0, 0, 0, 0, 0, -25, -9, -4, -38
"d:\Studies\UnityProjects\2D\CardChess\CardChess\Assets\Photon\PhotonUnityNetworking\Demos\PunCockpit\Scripts\ReadOnlyProperties\CountOfPlayersInRoomProperty.cs", "C#", 0, 0, 0, 0, 0, 0, 0, -30, -9, -5, -44
"d:\Studies\UnityProjects\2D\CardChess\CardChess\Assets\Photon\PhotonUnityNetworking\Demos\PunCockpit\Scripts\ReadOnlyProperties\CountOfPlayersOnMasterProperty.cs", "C#", 0, 0, 0, 0, 0, 0, 0, -30, -9, -5, -44
"d:\Studies\UnityProjects\2D\CardChess\CardChess\Assets\Photon\PhotonUnityNetworking\Demos\PunCockpit\Scripts\ReadOnlyProperties\CountOfPlayersProperty.cs", "C#", 0, 0, 0, 0, 0, 0, 0, -30, -9, -5, -44
"d:\Studies\UnityProjects\2D\CardChess\CardChess\Assets\Photon\PhotonUnityNetworking\Demos\PunCockpit\Scripts\ReadOnlyProperties\CountOfRoomsProperty.cs", "C#", 0, 0, 0, 0, 0, 0, 0, -30, -9, -4, -43
"d:\Studies\UnityProjects\2D\CardChess\CardChess\Assets\Photon\PhotonUnityNetworking\Demos\PunCockpit\Scripts\ReadOnlyProperties\CurrentRoomAutoCleanupProperty.cs", "C#", 0, 0, 0, 0, 0, 0, 0, -29, -9, -6, -44
"d:\Studies\UnityProjects\2D\CardChess\CardChess\Assets\Photon\PhotonUnityNetworking\Demos\PunCockpit\Scripts\ReadOnlyProperties\CurrentRoomEmptyRoomTtlProperty.cs", "C#", 0, 0, 0, 0, 0, 0, 0, -29, -9, -5, -43
"d:\Studies\UnityProjects\2D\CardChess\CardChess\Assets\Photon\PhotonUnityNetworking\Demos\PunCockpit\Scripts\ReadOnlyProperties\CurrentRoomExpectedUsersProperty.cs", "C#", 0, 0, 0, 0, 0, 0, 0, -34, -9, -15, -58
"d:\Studies\UnityProjects\2D\CardChess\CardChess\Assets\Photon\PhotonUnityNetworking\Demos\PunCockpit\Scripts\ReadOnlyProperties\CurrentRoomIsOfflineProperty.cs", "C#", 0, 0, 0, 0, 0, 0, 0, -29, -9, -6, -44
"d:\Studies\UnityProjects\2D\CardChess\CardChess\Assets\Photon\PhotonUnityNetworking\Demos\PunCockpit\Scripts\ReadOnlyProperties\CurrentRoomIsOpenProperty.cs", "C#", 0, 0, 0, 0, 0, 0, 0, -29, -9, -4, -42
"d:\Studies\UnityProjects\2D\CardChess\CardChess\Assets\Photon\PhotonUnityNetworking\Demos\PunCockpit\Scripts\ReadOnlyProperties\CurrentRoomIsVisibleProperty.cs", "C#", 0, 0, 0, 0, 0, 0, 0, -29, -9, -6, -44
"d:\Studies\UnityProjects\2D\CardChess\CardChess\Assets\Photon\PhotonUnityNetworking\Demos\PunCockpit\Scripts\ReadOnlyProperties\CurrentRoomMasterClientIdProperty.cs", "C#", 0, 0, 0, 0, 0, 0, 0, -29, -9, -4, -42
"d:\Studies\UnityProjects\2D\CardChess\CardChess\Assets\Photon\PhotonUnityNetworking\Demos\PunCockpit\Scripts\ReadOnlyProperties\CurrentRoomMaxPlayersProperty.cs", "C#", 0, 0, 0, 0, 0, 0, 0, -29, -9, -4, -42
"d:\Studies\UnityProjects\2D\CardChess\CardChess\Assets\Photon\PhotonUnityNetworking\Demos\PunCockpit\Scripts\ReadOnlyProperties\CurrentRoomNameProperty.cs", "C#", 0, 0, 0, 0, 0, 0, 0, -29, -9, -5, -43
"d:\Studies\UnityProjects\2D\CardChess\CardChess\Assets\Photon\PhotonUnityNetworking\Demos\PunCockpit\Scripts\ReadOnlyProperties\CurrentRoomPlayerCountProperty.cs", "C#", 0, 0, 0, 0, 0, 0, 0, -29, -9, -4, -42
"d:\Studies\UnityProjects\2D\CardChess\CardChess\Assets\Photon\PhotonUnityNetworking\Demos\PunCockpit\Scripts\ReadOnlyProperties\CurrentRoomPlayerTtlProperty.cs", "C#", 0, 0, 0, 0, 0, 0, 0, -29, -9, -5, -43
"d:\Studies\UnityProjects\2D\CardChess\CardChess\Assets\Photon\PhotonUnityNetworking\Demos\PunCockpit\Scripts\ReadOnlyProperties\CurrentRoomPropertiesListedInLobbyProperty.cs", "C#", 0, 0, 0, 0, 0, 0, 0, -30, -9, -8, -47
"d:\Studies\UnityProjects\2D\CardChess\CardChess\Assets\Photon\PhotonUnityNetworking\Demos\PunCockpit\Scripts\ReadOnlyProperties\GameVersionProperty.cs", "C#", 0, 0, 0, 0, 0, 0, 0, -17, -9, -4, -30
"d:\Studies\UnityProjects\2D\CardChess\CardChess\Assets\Photon\PhotonUnityNetworking\Demos\PunCockpit\Scripts\ReadOnlyProperties\IsConnectedAndReadyProperty.cs", "C#", 0, 0, 0, 0, 0, 0, 0, -18, -9, -6, -33
"d:\Studies\UnityProjects\2D\CardChess\CardChess\Assets\Photon\PhotonUnityNetworking\Demos\PunCockpit\Scripts\ReadOnlyProperties\IsConnectedProperty.cs", "C#", 0, 0, 0, 0, 0, 0, 0, -18, -9, -5, -32
"d:\Studies\UnityProjects\2D\CardChess\CardChess\Assets\Photon\PhotonUnityNetworking\Demos\PunCockpit\Scripts\ReadOnlyProperties\OfflineModeProperty.cs", "C#", 0, 0, 0, 0, 0, 0, 0, -18, -9, -5, -32
"d:\Studies\UnityProjects\2D\CardChess\CardChess\Assets\Photon\PhotonUnityNetworking\Demos\PunCockpit\Scripts\ReadOnlyProperties\PingProperty.cs", "C#", 0, 0, 0, 0, 0, 0, 0, -29, -9, -4, -42
"d:\Studies\UnityProjects\2D\CardChess\CardChess\Assets\Photon\PhotonUnityNetworking\Demos\PunCockpit\Scripts\ReadOnlyProperties\PropertyListenerBase.cs", "C#", 0, 0, 0, 0, 0, 0, 0, -28, -9, -6, -43
"d:\Studies\UnityProjects\2D\CardChess\CardChess\Assets\Photon\PhotonUnityNetworking\Demos\PunCockpit\Scripts\ReadOnlyProperties\ServerAddressProperty.cs", "C#", 0, 0, 0, 0, 0, 0, 0, -29, -9, -4, -42
"d:\Studies\UnityProjects\2D\CardChess\CardChess\Assets\Photon\PhotonUnityNetworking\Demos\PunCockpit\Scripts\ReadOnlyProperties\ServerProperty.cs", "C#", 0, 0, 0, 0, 0, 0, 0, -19, -9, -7, -35
"d:\Studies\UnityProjects\2D\CardChess\CardChess\Assets\Photon\PhotonUnityNetworking\Demos\PunCockpit\Scripts\ScoreHelper.cs", "C#", 0, 0, 0, 0, 0, 0, 0, -21, -7, -13, -41
"d:\Studies\UnityProjects\2D\CardChess\CardChess\Assets\Photon\PhotonUnityNetworking\Demos\PunCockpit\Scripts\ThirdParty\PunCockpitEmbed.cs", "C#", 0, 0, 0, 0, 0, 0, 0, -55, -17, -30, -102
"d:\Studies\UnityProjects\2D\CardChess\CardChess\Assets\Photon\PhotonUnityNetworking\Demos\Shared Assets\Scripts\DocLinks.cs", "C#", 0, 0, 0, 0, 0, 0, 0, -63, -72, -23, -158
"d:\Studies\UnityProjects\2D\CardChess\CardChess\Assets\Photon\PhotonUnityNetworking\Demos\Shared Assets\Scripts\ThirdPersonCharacter.cs", "C#", 0, 0, 0, 0, 0, 0, 0, -172, -23, -31, -226
"d:\Studies\UnityProjects\2D\CardChess\CardChess\Assets\Photon\PhotonUnityNetworking\Demos\Shared Assets\Scripts\ThirdPersonUserControl.cs", "C#", 0, 0, 0, 0, 0, 0, 0, -54, -10, -11, -75
"d:\Studies\UnityProjects\2D\CardChess\CardChess\Assets\Photon\PhotonUnityNetworking\Demos\Shared Assets\Skin\3dText.shader", "ShaderLab", 0, 0, -17, 0, 0, 0, 0, 0, 0, -1, -18
"d:\Studies\UnityProjects\2D\CardChess\CardChess\Assets\Photon\PhotonUnityNetworking\Demos\WebRpcImplementationExample.cs", "C#", 0, 0, 0, 0, 0, 0, 0, -84, -19, -8, -111
"d:\Studies\UnityProjects\2D\CardChess\CardChess\Assets\Photon\PhotonUnityNetworking\UtilityScripts\Culling\CullArea.cs", "C#", 0, 0, 0, 0, 0, 0, 0, -281, -144, -76, -501
"d:\Studies\UnityProjects\2D\CardChess\CardChess\Assets\Photon\PhotonUnityNetworking\UtilityScripts\Culling\CullingHandler.cs", "C#", 0, 0, 0, 0, 0, 0, 0, -159, -47, -48, -254
"d:\Studies\UnityProjects\2D\CardChess\CardChess\Assets\Photon\PhotonUnityNetworking\UtilityScripts\Culling\Editor\CullAreaEditor.cs", "C#", 0, 0, 0, 0, 0, 0, 0, -183, -25, -57, -265
"d:\Studies\UnityProjects\2D\CardChess\CardChess\Assets\Photon\PhotonUnityNetworking\UtilityScripts\Debugging\PhotonLagSimulationGui.cs", "C#", 0, 0, 0, 0, 0, 0, 0, -67, -21, -21, -109
"d:\Studies\UnityProjects\2D\CardChess\CardChess\Assets\Photon\PhotonUnityNetworking\UtilityScripts\Debugging\PhotonStatsGui.cs", "C#", 0, 0, 0, 0, 0, 0, 0, -114, -32, -24, -170
"d:\Studies\UnityProjects\2D\CardChess\CardChess\Assets\Photon\PhotonUnityNetworking\UtilityScripts\Debugging\PointedAtGameObjectInfo.cs", "C#", 0, 0, 0, 0, 0, 0, 0, -56, -12, -16, -84
"d:\Studies\UnityProjects\2D\CardChess\CardChess\Assets\Photon\PhotonUnityNetworking\UtilityScripts\Debugging\StatesGui.cs", "C#", 0, 0, 0, 0, 0, 0, 0, -176, -12, -24, -212
"d:\Studies\UnityProjects\2D\CardChess\CardChess\Assets\Photon\PhotonUnityNetworking\UtilityScripts\PhotonPlayer\Editor\PhotonTeamsManagerInspector.cs", "C#", 0, 0, 0, 0, 0, 0, 0, -217, -18, -11, -246
"d:\Studies\UnityProjects\2D\CardChess\CardChess\Assets\Photon\PhotonUnityNetworking\UtilityScripts\PhotonPlayer\Editor\PlayerNumberingInspector.cs", "C#", 0, 0, 0, 0, 0, 0, 0, -43, -13, -11, -67
"d:\Studies\UnityProjects\2D\CardChess\CardChess\Assets\Photon\PhotonUnityNetworking\UtilityScripts\PhotonPlayer\Editor\PunTeamsInspector.cs", "C#", 0, 0, 0, 0, 0, 0, 0, -43, -9, -13, -65
"d:\Studies\UnityProjects\2D\CardChess\CardChess\Assets\Photon\PhotonUnityNetworking\UtilityScripts\PhotonPlayer\PhotonTeamsManager.cs", "C#", 0, 0, 0, 0, 0, 0, 0, -440, -129, -59, -628
"d:\Studies\UnityProjects\2D\CardChess\CardChess\Assets\Photon\PhotonUnityNetworking\UtilityScripts\PhotonPlayer\PlayerNumbering.cs", "C#", 0, 0, 0, 0, 0, 0, 0, -160, -55, -52, -267
"d:\Studies\UnityProjects\2D\CardChess\CardChess\Assets\Photon\PhotonUnityNetworking\UtilityScripts\PhotonPlayer\PunPlayerScores.cs", "C#", 0, 0, 0, 0, 0, 0, 0, -39, -12, -11, -62
"d:\Studies\UnityProjects\2D\CardChess\CardChess\Assets\Photon\PhotonUnityNetworking\UtilityScripts\PhotonPlayer\PunTeams.cs", "C#", 0, 0, 0, 0, 0, 0, 0, -98, -35, -23, -156
"d:\Studies\UnityProjects\2D\CardChess\CardChess\Assets\Photon\PhotonUnityNetworking\UtilityScripts\PhotonView\SmoothSyncMovement.cs", "C#", 0, 0, 0, 0, 0, 0, 0, -50, -15, -7, -72
"d:\Studies\UnityProjects\2D\CardChess\CardChess\Assets\Photon\PhotonUnityNetworking\UtilityScripts\Prototyping\ConnectAndJoinRandom.cs", "C#", 0, 0, 0, 0, 0, 0, 0, -53, -53, -31, -137
"d:\Studies\UnityProjects\2D\CardChess\CardChess\Assets\Photon\PhotonUnityNetworking\UtilityScripts\Prototyping\MoveByKeys.cs", "C#", 0, 0, 0, 0, 0, 0, 0, -64, -33, -14, -111
"d:\Studies\UnityProjects\2D\CardChess\CardChess\Assets\Photon\PhotonUnityNetworking\UtilityScripts\Prototyping\OnClickDestroy.cs", "C#", 0, 0, 0, 0, 0, 0, 0, -33, -29, -10, -72
"d:\Studies\UnityProjects\2D\CardChess\CardChess\Assets\Photon\PhotonUnityNetworking\UtilityScripts\Prototyping\OnClickInstantiate.cs", "C#", 0, 0, 0, 0, 0, 0, 0, -30, -14, -12, -56
"d:\Studies\UnityProjects\2D\CardChess\CardChess\Assets\Photon\PhotonUnityNetworking\UtilityScripts\Prototyping\OnClickRpc.cs", "C#", 0, 0, 0, 0, 0, 0, 0, -57, -12, -20, -89
"d:\Studies\UnityProjects\2D\CardChess\CardChess\Assets\Photon\PhotonUnityNetworking\UtilityScripts\Prototyping\OnEscapeQuit.cs", "C#", 0, 0, 0, 0, 0, 0, 0, -17, -13, -2, -32
"d:\Studies\UnityProjects\2D\CardChess\CardChess\Assets\Photon\PhotonUnityNetworking\UtilityScripts\Prototyping\OnJoinedInstantiate.cs", "C#", 0, 0, 0, 0, 0, 0, 0, -300, -58, -93, -451
"d:\Studies\UnityProjects\2D\CardChess\CardChess\Assets\Photon\PhotonUnityNetworking\UtilityScripts\Prototyping\OnStartDelete.cs", "C#", 0, 0, 0, 0, 0, 0, 0, -11, -11, -2, -24
"d:\Studies\UnityProjects\2D\CardChess\CardChess\Assets\Photon\PhotonUnityNetworking\UtilityScripts\Room\CountdownTimer.cs", "C#", 0, 0, 0, 0, 0, 0, 0, -101, -33, -42, -176
"d:\Studies\UnityProjects\2D\CardChess\CardChess\Assets\Photon\PhotonUnityNetworking\UtilityScripts\TurnBased\PunTurnManager.cs", "C#", 0, 0, 0, 0, 0, 0, 0, -206, -146, -78, -430
"d:\Studies\UnityProjects\2D\CardChess\CardChess\Assets\Photon\PhotonUnityNetworking\UtilityScripts\UI\ButtonInsideScrollList.cs", "C#", 0, 0, 0, 0, 0, 0, 0, -31, -14, -8, -53
"d:\Studies\UnityProjects\2D\CardChess\CardChess\Assets\Photon\PhotonUnityNetworking\UtilityScripts\UI\EventSystemSpawner.cs", "C#", 0, 0, 0, 0, 0, 0, 0, -23, -13, -4, -40
"d:\Studies\UnityProjects\2D\CardChess\CardChess\Assets\Photon\PhotonUnityNetworking\UtilityScripts\UI\GraphicToggleIsOnTransition.cs", "C#", 0, 0, 0, 0, 0, 0, 0, -41, -11, -12, -64
"d:\Studies\UnityProjects\2D\CardChess\CardChess\Assets\Photon\PhotonUnityNetworking\UtilityScripts\UI\OnPointerOverTooltip.cs", "C#", 0, 0, 0, 0, 0, 0, 0, -24, -10, -11, -45
"d:\Studies\UnityProjects\2D\CardChess\CardChess\Assets\Photon\PhotonUnityNetworking\UtilityScripts\UI\TabViewManager.cs", "C#", 0, 0, 0, 0, 0, 0, 0, -65, -33, -25, -123
"d:\Studies\UnityProjects\2D\CardChess\CardChess\Assets\Photon\PhotonUnityNetworking\UtilityScripts\UI\TextButtonTransition.cs", "C#", 0, 0, 0, 0, 0, 0, 0, -38, -20, -12, -70
"d:\Studies\UnityProjects\2D\CardChess\CardChess\Assets\Photon\PhotonUnityNetworking\UtilityScripts\UI\TextToggleIsOnTransition.cs", "C#", 0, 0, 0, 0, 0, 0, 0, -41, -26, -19, -86
"d:\Studies\UnityProjects\2D\CardChess\CardChess\Assets\Photon\PhotonUnityNetworking\link.xml", "XML", 0, 0, 0, 0, 0, 0, -14, 0, 0, 0, -14
"d:\Studies\UnityProjects\2D\CardChess\CardChess\Assets\Plugins\Demigiant\DOTween\Modules\DOTweenModuleAudio.cs", "C#", 0, 0, 0, 0, 0, 0, 0, -98, -80, -25, -203
"d:\Studies\UnityProjects\2D\CardChess\CardChess\Assets\Plugins\Demigiant\DOTween\Modules\DOTweenModuleEPOOutline.cs", "C#", 0, 0, 0, 0, 0, 0, 0, -109, -18, -20, -147
"d:\Studies\UnityProjects\2D\CardChess\CardChess\Assets\Plugins\Demigiant\DOTween\Modules\DOTweenModulePhysics.cs", "C#", 0, 0, 0, 0, 0, 0, 0, -137, -60, -20, -217
"d:\Studies\UnityProjects\2D\CardChess\CardChess\Assets\Plugins\Demigiant\DOTween\Modules\DOTweenModulePhysics2D.cs", "C#", 0, 0, 0, 0, 0, 0, 0, -125, -51, -18, -194
"d:\Studies\UnityProjects\2D\CardChess\CardChess\Assets\Plugins\Demigiant\DOTween\Modules\DOTweenModuleSprite.cs", "C#", 0, 0, 0, 0, 0, 0, 0, -63, -17, -14, -94
"d:\Studies\UnityProjects\2D\CardChess\CardChess\Assets\Plugins\Demigiant\DOTween\Modules\DOTweenModuleUI.cs", "C#", 0, 0, 0, 0, 0, 0, 0, -390, -203, -70, -663
"d:\Studies\UnityProjects\2D\CardChess\CardChess\Assets\Plugins\Demigiant\DOTween\Modules\DOTweenModuleUnityVersion.cs", "C#", 0, 0, 0, 0, 0, 0, 0, -264, -99, -41, -404
"d:\Studies\UnityProjects\2D\CardChess\CardChess\Assets\Plugins\Demigiant\DOTween\Modules\DOTweenModuleUtils.cs", "C#", 0, 0, 0, 0, 0, 0, 0, -123, -27, -18, -168
"d:\Studies\UnityProjects\2D\CardChess\CardChess\Assets\Plugins\NaughtyAttributes\README.html", "HTML", 0, 0, 0, 0, 0, -1584, 0, 0, 0, -64, -1648
"d:\Studies\UnityProjects\2D\CardChess\CardChess\Assets\Plugins\NaughtyAttributes\Scripts\Core\DrawerAttributes\AllowNestingAttribute.cs", "C#", 0, 0, 0, 0, 0, 0, 0, -8, 0, -2, -10
"d:\Studies\UnityProjects\2D\CardChess\CardChess\Assets\Plugins\NaughtyAttributes\Scripts\Core\DrawerAttributes\AnimatorParamAttribute.cs", "C#", 0, 0, 0, 0, 0, 0, 0, -21, 0, -4, -25
"d:\Studies\UnityProjects\2D\CardChess\CardChess\Assets\Plugins\NaughtyAttributes\Scripts\Core\DrawerAttributes\CurveRangeAttribute.cs", "C#", 0, 0, 0, 0, 0, 0, 0, -26, 0, -5, -31
"d:\Studies\UnityProjects\2D\CardChess\CardChess\Assets\Plugins\NaughtyAttributes\Scripts\Core\DrawerAttributes\DrawerAttribute.cs", "C#", 0, 0, 0, 0, 0, 0, 0, -7, -3, -2, -12
"d:\Studies\UnityProjects\2D\CardChess\CardChess\Assets\Plugins\NaughtyAttributes\Scripts\Core\DrawerAttributes\DropdownAttribute.cs", "C#", 0, 0, 0, 0, 0, 0, 0, -47, 0, -11, -58
"d:\Studies\UnityProjects\2D\CardChess\CardChess\Assets\Plugins\NaughtyAttributes\Scripts\Core\DrawerAttributes\EnumFlagsAttribute.cs", "C#", 0, 0, 0, 0, 0, 0, 0, -8, 0, -2, -10
"d:\Studies\UnityProjects\2D\CardChess\CardChess\Assets\Plugins\NaughtyAttributes\Scripts\Core\DrawerAttributes\Expandable.cs", "C#", 0, 0, 0, 0, 0, 0, 0, -8, 0, -2, -10
"d:\Studies\UnityProjects\2D\CardChess\CardChess\Assets\Plugins\NaughtyAttributes\Scripts\Core\DrawerAttributes\HorizontalLineAttribute.cs", "C#", 0, 0, 0, 0, 0, 0, 0, -17, 0, -4, -21
"d:\Studies\UnityProjects\2D\CardChess\CardChess\Assets\Plugins\NaughtyAttributes\Scripts\Core\DrawerAttributes\InfoBoxAttribute.cs", "C#", 0, 0, 0, 0, 0, 0, 0, -21, 0, -4, -25
"d:\Studies\UnityProjects\2D\CardChess\CardChess\Assets\Plugins\NaughtyAttributes\Scripts\Core\DrawerAttributes\InputAxisAttribute.cs", "C#", 0, 0, 0, 0, 0, 0, 0, -8, 0, -2, -10
"d:\Studies\UnityProjects\2D\CardChess\CardChess\Assets\Plugins\NaughtyAttributes\Scripts\Core\DrawerAttributes\LayerAttribute.cs", "C#", 0, 0, 0, 0, 0, 0, 0, -8, 0, -1, -9
"d:\Studies\UnityProjects\2D\CardChess\CardChess\Assets\Plugins\NaughtyAttributes\Scripts\Core\DrawerAttributes\MinMaxSliderAttribute.cs", "C#", 0, 0, 0, 0, 0, 0, 0, -15, 0, -3, -18
"d:\Studies\UnityProjects\2D\CardChess\CardChess\Assets\Plugins\NaughtyAttributes\Scripts\Core\DrawerAttributes\ProgressBarAttribute.cs", "C#", 0, 0, 0, 0, 0, 0, 0, -32, 0, -6, -38
"d:\Studies\UnityProjects\2D\CardChess\CardChess\Assets\Plugins\NaughtyAttributes\Scripts\Core\DrawerAttributes\ResizableTextAreaAttribute.cs", "C#", 0, 0, 0, 0, 0, 0, 0, -8, 0, -2, -10
"d:\Studies\UnityProjects\2D\CardChess\CardChess\Assets\Plugins\NaughtyAttributes\Scripts\Core\DrawerAttributes\SceneAttribute.cs", "C#", 0, 0, 0, 0, 0, 0, 0, -8, 0, -1, -9
"d:\Studies\UnityProjects\2D\CardChess\CardChess\Assets\Plugins\NaughtyAttributes\Scripts\Core\DrawerAttributes\ShowAssetPreviewAttribute.cs", "C#", 0, 0, 0, 0, 0, 0, 0, -17, 0, -4, -21
"d:\Studies\UnityProjects\2D\CardChess\CardChess\Assets\Plugins\NaughtyAttributes\Scripts\Core\DrawerAttributes\SortingLayerAttribute.cs", "C#", 0, 0, 0, 0, 0, 0, 0, -8, 0, -1, -9
"d:\Studies\UnityProjects\2D\CardChess\CardChess\Assets\Plugins\NaughtyAttributes\Scripts\Core\DrawerAttributes\TagAttribute.cs", "C#", 0, 0, 0, 0, 0, 0, 0, -8, 0, -2, -10
"d:\Studies\UnityProjects\2D\CardChess\CardChess\Assets\Plugins\NaughtyAttributes\Scripts\Core\DrawerAttributes_SpecialCase\ButtonAttribute.cs", "C#", 0, 0, 0, 0, 0, 0, 0, -21, -9, -4, -34
"d:\Studies\UnityProjects\2D\CardChess\CardChess\Assets\Plugins\NaughtyAttributes\Scripts\Core\DrawerAttributes_SpecialCase\ReorderableListAttribute.cs", "C#", 0, 0, 0, 0, 0, 0, 0, -8, 0, -2, -10
"d:\Studies\UnityProjects\2D\CardChess\CardChess\Assets\Plugins\NaughtyAttributes\Scripts\Core\DrawerAttributes_SpecialCase\ShowNativePropertyAttribute.cs", "C#", 0, 0, 0, 0, 0, 0, 0, -8, 0, -2, -10
"d:\Studies\UnityProjects\2D\CardChess\CardChess\Assets\Plugins\NaughtyAttributes\Scripts\Core\DrawerAttributes_SpecialCase\ShowNonSerializedFieldAttribute.cs", "C#", 0, 0, 0, 0, 0, 0, 0, -8, 0, -2, -10
"d:\Studies\UnityProjects\2D\CardChess\CardChess\Assets\Plugins\NaughtyAttributes\Scripts\Core\DrawerAttributes_SpecialCase\SpecialCaseDrawerAttribute.cs", "C#", 0, 0, 0, 0, 0, 0, 0, -7, 0, -2, -9
"d:\Studies\UnityProjects\2D\CardChess\CardChess\Assets\Plugins\NaughtyAttributes\Scripts\Core\INaughtyAttribute.cs", "C#", 0, 0, 0, 0, 0, 0, 0, -7, 0, -2, -9
"d:\Studies\UnityProjects\2D\CardChess\CardChess\Assets\Plugins\NaughtyAttributes\Scripts\Core\MetaAttributes\BoxGroupAttribute.cs", "C#", 0, 0, 0, 0, 0, 0, 0, -13, 0, -3, -16
"d:\Studies\UnityProjects\2D\CardChess\CardChess\Assets\Plugins\NaughtyAttributes\Scripts\Core\MetaAttributes\DisableIfAttribute.cs", "C#", 0, 0, 0, 0, 0, 0, 0, -23, 0, -4, -27
"d:\Studies\UnityProjects\2D\CardChess\CardChess\Assets\Plugins\NaughtyAttributes\Scripts\Core\MetaAttributes\EnableIfAttribute.cs", "C#", 0, 0, 0, 0, 0, 0, 0, -23, 0, -4, -27
"d:\Studies\UnityProjects\2D\CardChess\CardChess\Assets\Plugins\NaughtyAttributes\Scripts\Core\MetaAttributes\EnableIfAttributeBase.cs", "C#", 0, 0, 0, 0, 0, 0, 0, -30, -3, -7, -40
"d:\Studies\UnityProjects\2D\CardChess\CardChess\Assets\Plugins\NaughtyAttributes\Scripts\Core\MetaAttributes\FoldoutAttribute.cs", "C#", 0, 0, 0, 0, 0, 0, 0, -13, 0, -3, -16
"d:\Studies\UnityProjects\2D\CardChess\CardChess\Assets\Plugins\NaughtyAttributes\Scripts\Core\MetaAttributes\HideIfAttribute.cs", "C#", 0, 0, 0, 0, 0, 0, 0, -23, 0, -4, -27
"d:\Studies\UnityProjects\2D\CardChess\CardChess\Assets\Plugins\NaughtyAttributes\Scripts\Core\MetaAttributes\IGroupAttribute.cs", "C#", 0, 0, 0, 0, 0, 0, 0, -7, 0, -2, -9
"d:\Studies\UnityProjects\2D\CardChess\CardChess\Assets\Plugins\NaughtyAttributes\Scripts\Core\MetaAttributes\LabelAttribute.cs", "C#", 0, 0, 0, 0, 0, 0, 0, -13, 0, -3, -16
"d:\Studies\UnityProjects\2D\CardChess\CardChess\Assets\Plugins\NaughtyAttributes\Scripts\Core\MetaAttributes\MetaAttribute.cs", "C#", 0, 0, 0, 0, 0, 0, 0, -7, 0, -2, -9
"d:\Studies\UnityProjects\2D\CardChess\CardChess\Assets\Plugins\NaughtyAttributes\Scripts\Core\MetaAttributes\OnValueChangedAttribute.cs", "C#", 0, 0, 0, 0, 0, 0, 0, -13, 0, -3, -16
"d:\Studies\UnityProjects\2D\CardChess\CardChess\Assets\Plugins\NaughtyAttributes\Scripts\Core\MetaAttributes\ReadOnlyAttribute.cs", "C#", 0, 0, 0, 0, 0, 0, 0, -8, 0, -3, -11
"d:\Studies\UnityProjects\2D\CardChess\CardChess\Assets\Plugins\NaughtyAttributes\Scripts\Core\MetaAttributes\ShowIfAttribute.cs", "C#", 0, 0, 0, 0, 0, 0, 0, -23, 0, -4, -27
"d:\Studies\UnityProjects\2D\CardChess\CardChess\Assets\Plugins\NaughtyAttributes\Scripts\Core\MetaAttributes\ShowIfAttributeBase.cs", "C#", 0, 0, 0, 0, 0, 0, 0, -30, -3, -7, -40
"d:\Studies\UnityProjects\2D\CardChess\CardChess\Assets\Plugins\NaughtyAttributes\Scripts\Core\Utility\EColor.cs", "C#", 0, 0, 0, 0, 0, 0, 0, -54, 0, -3, -57
"d:\Studies\UnityProjects\2D\CardChess\CardChess\Assets\Plugins\NaughtyAttributes\Scripts\Core\Utility\EConditionOperator.cs", "C#", 0, 0, 0, 0, 0, 0, 0, -9, 0, -2, -11
"d:\Studies\UnityProjects\2D\CardChess\CardChess\Assets\Plugins\NaughtyAttributes\Scripts\Core\ValidatorAttributes\MaxValueAttribute.cs", "C#", 0, 0, 0, 0, 0, 0, 0, -17, 0, -4, -21
"d:\Studies\UnityProjects\2D\CardChess\CardChess\Assets\Plugins\NaughtyAttributes\Scripts\Core\ValidatorAttributes\MinValueAttribute.cs", "C#", 0, 0, 0, 0, 0, 0, 0, -17, 0, -4, -21
"d:\Studies\UnityProjects\2D\CardChess\CardChess\Assets\Plugins\NaughtyAttributes\Scripts\Core\ValidatorAttributes\RequiredAttribute.cs", "C#", 0, 0, 0, 0, 0, 0, 0, -13, 0, -3, -16
"d:\Studies\UnityProjects\2D\CardChess\CardChess\Assets\Plugins\NaughtyAttributes\Scripts\Core\ValidatorAttributes\ValidateInputAttribute.cs", "C#", 0, 0, 0, 0, 0, 0, 0, -15, 0, -3, -18
"d:\Studies\UnityProjects\2D\CardChess\CardChess\Assets\Plugins\NaughtyAttributes\Scripts\Core\ValidatorAttributes\ValidatorAttribute.cs", "C#", 0, 0, 0, 0, 0, 0, 0, -7, 0, -2, -9
"d:\Studies\UnityProjects\2D\CardChess\CardChess\Assets\Plugins\NaughtyAttributes\Scripts\Editor\DecoratorDrawers\HorizontalLineDecoratorDrawer.cs", "C#", 0, 0, 0, 0, 0, 0, 0, -21, 0, -3, -24
"d:\Studies\UnityProjects\2D\CardChess\CardChess\Assets\Plugins\NaughtyAttributes\Scripts\Editor\DecoratorDrawers\InfoBoxDecoratorDrawer.cs", "C#", 0, 0, 0, 0, 0, 0, 0, -49, 0, -11, -60
"d:\Studies\UnityProjects\2D\CardChess\CardChess\Assets\Plugins\NaughtyAttributes\Scripts\Editor\NaughtyInspector.cs", "C#", 0, 0, 0, 0, 0, 0, 0, -189, -3, -30, -222
"d:\Studies\UnityProjects\2D\CardChess\CardChess\Assets\Plugins\NaughtyAttributes\Scripts\Editor\PropertyDrawers\AllowNestingPropertyDrawer.cs", "C#", 0, 0, 0, 0, 0, 0, 0, -15, 0, -2, -17
"d:\Studies\UnityProjects\2D\CardChess\CardChess\Assets\Plugins\NaughtyAttributes\Scripts\Editor\PropertyDrawers\AnimatorParamPropertyDrawer.cs", "C#", 0, 0, 0, 0, 0, 0, 0, -146, 0, -28, -174
"d:\Studies\UnityProjects\2D\CardChess\CardChess\Assets\Plugins\NaughtyAttributes\Scripts\Editor\PropertyDrawers\CurveRangePropertyDrawer.cs", "C#", 0, 0, 0, 0, 0, 0, 0, -39, -1, -8, -48
"d:\Studies\UnityProjects\2D\CardChess\CardChess\Assets\Plugins\NaughtyAttributes\Scripts\Editor\PropertyDrawers\DropdownPropertyDrawer.cs", "C#", 0, 0, 0, 0, 0, 0, 0, -142, -5, -30, -177
"d:\Studies\UnityProjects\2D\CardChess\CardChess\Assets\Plugins\NaughtyAttributes\Scripts\Editor\PropertyDrawers\EnumFlagsPropertyDrawer.cs", "C#", 0, 0, 0, 0, 0, 0, 0, -33, 0, -6, -39
"d:\Studies\UnityProjects\2D\CardChess\CardChess\Assets\Plugins\NaughtyAttributes\Scripts\Editor\PropertyDrawers\ExpandablePropertyDrawer.cs", "C#", 0, 0, 0, 0, 0, 0, 0, -167, -3, -26, -196
"d:\Studies\UnityProjects\2D\CardChess\CardChess\Assets\Plugins\NaughtyAttributes\Scripts\Editor\PropertyDrawers\InputAxisPropertyDrawer.cs", "C#", 0, 0, 0, 0, 0, 0, 0, -61, -4, -13, -78
"d:\Studies\UnityProjects\2D\CardChess\CardChess\Assets\Plugins\NaughtyAttributes\Scripts\Editor\PropertyDrawers\LayerPropertyDrawer.cs", "C#", 0, 0, 0, 0, 0, 0, 0, -75, 0, -14, -89
"d:\Studies\UnityProjects\2D\CardChess\CardChess\Assets\Plugins\NaughtyAttributes\Scripts\Editor\PropertyDrawers\MinMaxSliderPropertyDrawer.cs", "C#", 0, 0, 0, 0, 0, 0, 0, -86, -2, -20, -108
"d:\Studies\UnityProjects\2D\CardChess\CardChess\Assets\Plugins\NaughtyAttributes\Scripts\Editor\PropertyDrawers\ProgressBarPropertyDrawer.cs", "C#", 0, 0, 0, 0, 0, 0, 0, -123, -5, -27, -155
"d:\Studies\UnityProjects\2D\CardChess\CardChess\Assets\Plugins\NaughtyAttributes\Scripts\Editor\PropertyDrawers\PropertyDrawerBase.cs", "C#", 0, 0, 0, 0, 0, 0, 0, -74, -4, -17, -95
"d:\Studies\UnityProjects\2D\CardChess\CardChess\Assets\Plugins\NaughtyAttributes\Scripts\Editor\PropertyDrawers\ResizableTextAreaPropertyDrawer.cs", "C#", 0, 0, 0, 0, 0, 0, 0, -69, 0, -12, -81
"d:\Studies\UnityProjects\2D\CardChess\CardChess\Assets\Plugins\NaughtyAttributes\Scripts\Editor\PropertyDrawers\ScenePropertyDrawer.cs", "C#", 0, 0, 0, 0, 0, 0, 0, -85, 0, -15, -100
"d:\Studies\UnityProjects\2D\CardChess\CardChess\Assets\Plugins\NaughtyAttributes\Scripts\Editor\PropertyDrawers\ShowAssetPreviewPropertyDrawer.cs", "C#", 0, 0, 0, 0, 0, 0, 0, -96, 0, -15, -111
"d:\Studies\UnityProjects\2D\CardChess\CardChess\Assets\Plugins\NaughtyAttributes\Scripts\Editor\PropertyDrawers\SortingLayerPropertyDrawer.cs", "C#", 0, 0, 0, 0, 0, 0, 0, -78, 0, -14, -92
"d:\Studies\UnityProjects\2D\CardChess\CardChess\Assets\Plugins\NaughtyAttributes\Scripts\Editor\PropertyDrawers\TagPropertyDrawer.cs", "C#", 0, 0, 0, 0, 0, 0, 0, -49, -5, -9, -63
"d:\Studies\UnityProjects\2D\CardChess\CardChess\Assets\Plugins\NaughtyAttributes\Scripts\Editor\PropertyDrawers_SpecialCase\ReorderableListPropertyDrawer.cs", "C#", 0, 0, 0, 0, 0, 0, 0, -172, -1, -33, -206
"d:\Studies\UnityProjects\2D\CardChess\CardChess\Assets\Plugins\NaughtyAttributes\Scripts\Editor\PropertyDrawers_SpecialCase\SpecialCasePropertyDrawerBase.cs", "C#", 0, 0, 0, 0, 0, 0, 0, -60, -4, -11, -75
"d:\Studies\UnityProjects\2D\CardChess\CardChess\Assets\Plugins\NaughtyAttributes\Scripts\Editor\PropertyValidators\MaxValuePropertyValidator.cs", "C#", 0, 0, 0, 0, 0, 0, 0, -51, 0, -3, -54
"d:\Studies\UnityProjects\2D\CardChess\CardChess\Assets\Plugins\NaughtyAttributes\Scripts\Editor\PropertyValidators\MinValuePropertyValidator.cs", "C#", 0, 0, 0, 0, 0, 0, 0, -51, 0, -3, -54
"d:\Studies\UnityProjects\2D\CardChess\CardChess\Assets\Plugins\NaughtyAttributes\Scripts\Editor\PropertyValidators\PropertyValidatorBase.cs", "C#", 0, 0, 0, 0, 0, 0, 0, -34, 0, -5, -39
"d:\Studies\UnityProjects\2D\CardChess\CardChess\Assets\Plugins\NaughtyAttributes\Scripts\Editor\PropertyValidators\RequiredPropertyValidator.cs", "C#", 0, 0, 0, 0, 0, 0, 0, -28, 0, -4, -32
"d:\Studies\UnityProjects\2D\CardChess\CardChess\Assets\Plugins\NaughtyAttributes\Scripts\Editor\PropertyValidators\ValidateInputPropertyValidator.cs", "C#", 0, 0, 0, 0, 0, 0, 0, -70, 0, -7, -77
"d:\Studies\UnityProjects\2D\CardChess\CardChess\Assets\Plugins\NaughtyAttributes\Scripts\Editor\Utility\ButtonUtility.cs", "C#", 0, 0, 0, 0, 0, 0, 0, -49, 0, -7, -56
"d:\Studies\UnityProjects\2D\CardChess\CardChess\Assets\Plugins\NaughtyAttributes\Scripts\Editor\Utility\NaughtyEditorGUI.cs", "C#", 0, 0, 0, 0, 0, 0, 0, -317, -20, -44, -381
"d:\Studies\UnityProjects\2D\CardChess\CardChess\Assets\Plugins\NaughtyAttributes\Scripts\Editor\Utility\PropertyUtility.cs", "C#", 0, 0, 0, 0, 0, 0, 0, -299, -20, -56, -375
"d:\Studies\UnityProjects\2D\CardChess\CardChess\Assets\Plugins\NaughtyAttributes\Scripts\Editor\Utility\ReflectionUtility.cs", "C#", 0, 0, 0, 0, 0, 0, 0, -103, -6, -20, -129
"d:\Studies\UnityProjects\2D\CardChess\CardChess\Assets\Plugins\NaughtyAttributes\Scripts\Editor\Utility\SavedBool.cs", "C#", 0, 0, 0, 0, 0, 0, 0, -30, 0, -4, -34
"d:\Studies\UnityProjects\2D\CardChess\CardChess\Assets\Plugins\NaughtyAttributes\Scripts\Test\AnimatorParamTest.cs", "C#", 0, 0, 0, 0, 0, 0, 0, -41, 0, -13, -54
"d:\Studies\UnityProjects\2D\CardChess\CardChess\Assets\Plugins\NaughtyAttributes\Scripts\Test\BoxGroupTest.cs", "C#", 0, 0, 0, 0, 0, 0, 0, -27, 0, -6, -33
"d:\Studies\UnityProjects\2D\CardChess\CardChess\Assets\Plugins\NaughtyAttributes\Scripts\Test\ButtonTest.cs", "C#", 0, 0, 0, 0, 0, 0, 0, -34, 0, -6, -40
"d:\Studies\UnityProjects\2D\CardChess\CardChess\Assets\Plugins\NaughtyAttributes\Scripts\Test\CurveRangeTest.cs", "C#", 0, 0, 0, 0, 0, 0, 0, -29, 0, -9, -38
"d:\Studies\UnityProjects\2D\CardChess\CardChess\Assets\Plugins\NaughtyAttributes\Scripts\Test\DisableIfTest.cs", "C#", 0, 0, 0, 0, 0, 0, 0, -98, 0, -23, -121
"d:\Studies\UnityProjects\2D\CardChess\CardChess\Assets\Plugins\NaughtyAttributes\Scripts\Test\DropdownTest.cs", "C#", 0, 0, 0, 0, 0, 0, 0, -37, 0, -9, -46
"d:\Studies\UnityProjects\2D\CardChess\CardChess\Assets\Plugins\NaughtyAttributes\Scripts\Test\EnableIfTest.cs", "C#", 0, 0, 0, 0, 0, 0, 0, -98, 0, -23, -121
"d:\Studies\UnityProjects\2D\CardChess\CardChess\Assets\Plugins\NaughtyAttributes\Scripts\Test\EnumFlagsTest.cs", "C#", 0, 0, 0, 0, 0, 0, 0, -33, 0, -7, -40
"d:\Studies\UnityProjects\2D\CardChess\CardChess\Assets\Plugins\NaughtyAttributes\Scripts\Test\ExpandableTest.cs", "C#", 0, 0, 0, 0, 0, 0, 0, -24, -1, -7, -32
"d:\Studies\UnityProjects\2D\CardChess\CardChess\Assets\Plugins\NaughtyAttributes\Scripts\Test\FoldoutTest.cs", "C#", 0, 0, 0, 0, 0, 0, 0, -27, 0, -6, -33
"d:\Studies\UnityProjects\2D\CardChess\CardChess\Assets\Plugins\NaughtyAttributes\Scripts\Test\HideIfTest.cs", "C#", 0, 0, 0, 0, 0, 0, 0, -97, 0, -23, -120
"d:\Studies\UnityProjects\2D\CardChess\CardChess\Assets\Plugins\NaughtyAttributes\Scripts\Test\HorizontalLineTest.cs", "C#", 0, 0, 0, 0, 0, 0, 0, -46, 0, -6, -52
"d:\Studies\UnityProjects\2D\CardChess\CardChess\Assets\Plugins\NaughtyAttributes\Scripts\Test\InfoBoxTest.cs", "C#", 0, 0, 0, 0, 0, 0, 0, -23, 0, -6, -29
"d:\Studies\UnityProjects\2D\CardChess\CardChess\Assets\Plugins\NaughtyAttributes\Scripts\Test\InputAxisTest.cs", "C#", 0, 0, 0, 0, 0, 0, 0, -28, 0, -7, -35
"d:\Studies\UnityProjects\2D\CardChess\CardChess\Assets\Plugins\NaughtyAttributes\Scripts\Test\LabelTest.cs", "C#", 0, 0, 0, 0, 0, 0, 0, -25, 0, -6, -31
"d:\Studies\UnityProjects\2D\CardChess\CardChess\Assets\Plugins\NaughtyAttributes\Scripts\Test\LayerTest.cs", "C#", 0, 0, 0, 0, 0, 0, 0, -37, 0, -10, -47
"d:\Studies\UnityProjects\2D\CardChess\CardChess\Assets\Plugins\NaughtyAttributes\Scripts\Test\MinMaxSliderTest.cs", "C#", 0, 0, 0, 0, 0, 0, 0, -23, 0, -6, -29
"d:\Studies\UnityProjects\2D\CardChess\CardChess\Assets\Plugins\NaughtyAttributes\Scripts\Test\MinMaxValueTest.cs", "C#", 0, 0, 0, 0, 0, 0, 0, -97, 0, -33, -130
"d:\Studies\UnityProjects\2D\CardChess\CardChess\Assets\Plugins\NaughtyAttributes\Scripts\Test\OnValueChangedTest.cs", "C#", 0, 0, 0, 0, 0, 0, 0, -42, 0, -10, -52
"d:\Studies\UnityProjects\2D\CardChess\CardChess\Assets\Plugins\NaughtyAttributes\Scripts\Test\ProgressBarTest.cs", "C#", 0, 0, 0, 0, 0, 0, 0, -29, 0, -7, -36
"d:\Studies\UnityProjects\2D\CardChess\CardChess\Assets\Plugins\NaughtyAttributes\Scripts\Test\ReadOnlyTest.cs", "C#", 0, 0, 0, 0, 0, 0, 0, -25, 0, -6, -31
"d:\Studies\UnityProjects\2D\CardChess\CardChess\Assets\Plugins\NaughtyAttributes\Scripts\Test\ReorderableListTest.cs", "C#", 0, 0, 0, 0, 0, 0, 0, -27, 0, -8, -35
"d:\Studies\UnityProjects\2D\CardChess\CardChess\Assets\Plugins\NaughtyAttributes\Scripts\Test\RequiredTest.cs", "C#", 0, 0, 0, 0, 0, 0, 0, -25, 0, -6, -31
"d:\Studies\UnityProjects\2D\CardChess\CardChess\Assets\Plugins\NaughtyAttributes\Scripts\Test\ResizableTextAreaTest.cs", "C#", 0, 0, 0, 0, 0, 0, 0, -23, 0, -6, -29
"d:\Studies\UnityProjects\2D\CardChess\CardChess\Assets\Plugins\NaughtyAttributes\Scripts\Test\SceneTest.cs", "C#", 0, 0, 0, 0, 0, 0, 0, -23, 0, -6, -29
"d:\Studies\UnityProjects\2D\CardChess\CardChess\Assets\Plugins\NaughtyAttributes\Scripts\Test\ShowAssetPreviewTest.cs", "C#", 0, 0, 0, 0, 0, 0, 0, -29, 0, -9, -38
"d:\Studies\UnityProjects\2D\CardChess\CardChess\Assets\Plugins\NaughtyAttributes\Scripts\Test\ShowIfTest.cs", "C#", 0, 0, 0, 0, 0, 0, 0, -97, 0, -23, -120
"d:\Studies\UnityProjects\2D\CardChess\CardChess\Assets\Plugins\NaughtyAttributes\Scripts\Test\ShowNativePropertyTest.cs", "C#", 0, 0, 0, 0, 0, 0, 0, -71, 0, -9, -80
"d:\Studies\UnityProjects\2D\CardChess\CardChess\Assets\Plugins\NaughtyAttributes\Scripts\Test\ShowNonSerializedFieldTest.cs", "C#", 0, 0, 0, 0, 0, 0, 0, -25, 0, -9, -34
"d:\Studies\UnityProjects\2D\CardChess\CardChess\Assets\Plugins\NaughtyAttributes\Scripts\Test\SortingLayerTest.cs", "C#", 0, 0, 0, 0, 0, 0, 0, -37, 0, -10, -47
"d:\Studies\UnityProjects\2D\CardChess\CardChess\Assets\Plugins\NaughtyAttributes\Scripts\Test\TagTest.cs", "C#", 0, 0, 0, 0, 0, 0, 0, -28, 0, -7, -35
"d:\Studies\UnityProjects\2D\CardChess\CardChess\Assets\Plugins\NaughtyAttributes\Scripts\Test\ValidateInputTest.cs", "C#", 0, 0, 0, 0, 0, 0, 0, -42, 0, -11, -53
"d:\Studies\UnityProjects\2D\CardChess\CardChess\Assets\Plugins\NaughtyAttributes\Scripts\Test\_NaughtyComponent.cs", "C#", 0, 0, 0, 0, 0, 0, 0, -16, 0, -4, -20
"d:\Studies\UnityProjects\2D\CardChess\CardChess\Assets\Plugins\NaughtyAttributes\Scripts\Test\_NaughtyScriptableObject.cs", "C#", 0, 0, 0, 0, 0, 0, 0, -10, -1, -2, -13
"d:\Studies\UnityProjects\2D\CardChess\CardChess\Assets\Plugins\NaughtyAttributes\Scripts\Test\_TestScriptableObjectA.cs", "C#", 0, 0, 0, 0, 0, 0, 0, -10, -1, -1, -12
"d:\Studies\UnityProjects\2D\CardChess\CardChess\Assets\Plugins\NaughtyAttributes\Scripts\Test\_TestScriptableObjectB.cs", "C#", 0, 0, 0, 0, 0, 0, 0, -10, -1, -1, -12
"d:\Studies\UnityProjects\2D\CardChess\CardChess\Assets\Plugins\NaughtyAttributes\package.json", "JSON", -21, 0, 0, 0, 0, 0, 0, 0, 0, -1, -22
"d:\Studies\UnityProjects\2D\CardChess\CardChess\Assets\Resources\Graphics\UserInterface\Fonts\Peaberry-Font-v2.0\Peaberry Font Family\Peaberry Base\PeaberryBase.svg", "XML", 0, 0, 0, 0, 0, 0, -1261, 0, 0, -1, -1262
"d:\Studies\UnityProjects\2D\CardChess\CardChess\Assets\Resources\Graphics\UserInterface\Fonts\Peaberry-Font-v2.0\Peaberry Font Family\Peaberry Doublespace\PeaberryDoublespace.svg", "XML", 0, 0, 0, 0, 0, 0, -1261, 0, 0, -1, -1262
"d:\Studies\UnityProjects\2D\CardChess\CardChess\Assets\Resources\Graphics\UserInterface\Fonts\Peaberry-Font-v2.0\Peaberry Font Family\Peaberry Monospace\PeaberryMono.svg", "XML", 0, 0, 0, 0, 0, 0, -1283, 0, 0, -1, -1284
"d:\Studies\UnityProjects\2D\CardChess\CardChess\Assets\Resources\Graphics\UserInterface\Fonts\Peaberry-Font-v2.0\Peaberry Font Family\demo.html", "HTML", 0, 0, 0, 0, 0, -247, 0, 0, 0, -4, -251
"d:\Studies\UnityProjects\2D\CardChess\CardChess\Assets\Resources\Graphics\UserInterface\Fonts\Peaberry-Font-v2.0\Peaberry Font Family\stylesheet.css", "CSS", 0, 0, 0, 0, -36, 0, 0, 0, 0, -4, -40
"d:\Studies\UnityProjects\2D\CardChess\CardChess\Assets\Resources\Graphics\UserInterface\Fonts\monogram\bitmap\monogram-bitfontmaker.json", "JSON", -1, 0, 0, 0, 0, 0, 0, 0, 0, 0, -1
"d:\Studies\UnityProjects\2D\CardChess\CardChess\Assets\Resources\Graphics\UserInterface\Fonts\monogram\bitmap\monogram-bitmap.json", "JSON", -392, 0, 0, 0, 0, 0, 0, 0, 0, 0, -392
"d:\Studies\UnityProjects\2D\CardChess\CardChess\Assets\TextMesh Pro\Shaders\TMP_Bitmap-Custom-Atlas.shader", "ShaderLab", 0, 0, -109, 0, 0, 0, 0, 0, -2, -33, -144
"d:\Studies\UnityProjects\2D\CardChess\CardChess\Assets\TextMesh Pro\Shaders\TMP_Bitmap-Mobile.shader", "ShaderLab", 0, 0, -112, 0, 0, 0, 0, 0, -3, -31, -146
"d:\Studies\UnityProjects\2D\CardChess\CardChess\Assets\TextMesh Pro\Shaders\TMP_Bitmap.shader", "ShaderLab", 0, 0, -109, 0, 0, 0, 0, 0, -2, -33, -144
"d:\Studies\UnityProjects\2D\CardChess\CardChess\Assets\TextMesh Pro\Shaders\TMP_SDF Overlay.shader", "ShaderLab", 0, 0, -243, 0, 0, 0, 0, 0, -4, -71, -318
"d:\Studies\UnityProjects\2D\CardChess\CardChess\Assets\TextMesh Pro\Shaders\TMP_SDF SSD.shader", "ShaderLab", 0, 0, -241, 0, 0, 0, 0, 0, -4, -66, -311
"d:\Studies\UnityProjects\2D\CardChess\CardChess\Assets\TextMesh Pro\Shaders\TMP_SDF-Mobile Masking.shader", "ShaderLab", 0, 0, -188, 0, 0, 0, 0, 0, -10, -50, -248
"d:\Studies\UnityProjects\2D\CardChess\CardChess\Assets\TextMesh Pro\Shaders\TMP_SDF-Mobile Overlay.shader", "ShaderLab", 0, 0, -183, 0, 0, 0, 0, 0, -8, -50, -241
"d:\Studies\UnityProjects\2D\CardChess\CardChess\Assets\TextMesh Pro\Shaders\TMP_SDF-Mobile SSD.shader", "ShaderLab", 0, 0, -82, 0, 0, 0, 0, 0, -4, -21, -107
"d:\Studies\UnityProjects\2D\CardChess\CardChess\Assets\TextMesh Pro\Shaders\TMP_SDF-Mobile.shader", "ShaderLab", 0, 0, -183, 0, 0, 0, 0, 0, -8, -50, -241
"d:\Studies\UnityProjects\2D\CardChess\CardChess\Assets\TextMesh Pro\Shaders\TMP_SDF-Surface-Mobile.shader", "ShaderLab", 0, 0, -103, 0, 0, 0, 0, 0, -8, -28, -139
"d:\Studies\UnityProjects\2D\CardChess\CardChess\Assets\TextMesh Pro\Shaders\TMP_SDF-Surface.shader", "ShaderLab", 0, 0, -122, 0, 0, 0, 0, 0, -4, -33, -159
"d:\Studies\UnityProjects\2D\CardChess\CardChess\Assets\TextMesh Pro\Shaders\TMP_SDF.shader", "ShaderLab", 0, 0, -243, 0, 0, 0, 0, 0, -4, -71, -318
"d:\Studies\UnityProjects\2D\CardChess\CardChess\Assets\TextMesh Pro\Shaders\TMP_Sprite.shader", "ShaderLab", 0, 0, -97, 0, 0, 0, 0, 0, 0, -20, -117
"d:\Studies\UnityProjects\2D\CardChess\CardChess\Assets\TextMesh Pro\Shaders\TMPro.cginc", "HLSL", 0, 0, 0, -63, 0, 0, 0, 0, -2, -20, -85
"d:\Studies\UnityProjects\2D\CardChess\CardChess\Assets\TextMesh Pro\Shaders\TMPro_Mobile.cginc", "HLSL", 0, 0, 0, -122, 0, 0, 0, 0, -2, -34, -158
"d:\Studies\UnityProjects\2D\CardChess\CardChess\Assets\TextMesh Pro\Shaders\TMPro_Properties.cginc", "HLSL", 0, 0, 0, -62, 0, 0, 0, 0, -10, -14, -86
"d:\Studies\UnityProjects\2D\CardChess\CardChess\Assets\TextMesh Pro\Shaders\TMPro_Surface.cginc", "HLSL", 0, 0, 0, -76, 0, 0, 0, 0, -7, -19, -102
"d:\Studies\UnityProjects\2D\CardChess\CardChess\Assets\TextMesh Pro\Sprites\EmojiOne.json", "JSON", -155, 0, 0, 0, 0, 0, 0, 0, 0, -2, -157
"d:\Studies\UnityProjects\2D\CardChess\CardChess\Packages\manifest.json", "JSON", -48, 0, 0, 0, 0, 0, 0, 0, 0, -1, -49
"d:\Studies\UnityProjects\2D\CardChess\CardChess\Packages\packages-lock.json", "JSON", -529, 0, 0, 0, 0, 0, 0, 0, 0, -1, -530
"d:\Studies\UnityProjects\2D\CardChess\CardChess\README.md", "Markdown", 0, -1, 0, 0, 0, 0, 0, 0, 0, -2, -3
"Total", "-", -1193, -1, -2032, -323, -36, -1831, -9233, -35745, -11072, -9634, -71100